Question,Answer
"For the last 8 years of his life, Galileo was under house arrest for espousing this man's theory",Copernicus
"No. 2: 1912 Olympian; football star at Carlisle Indian School; 6 MLB seasons with the Reds, Giants & Braves",Jim Thorpe
"The city of Yuma in this state has a record average of 4,055 hours of sunshine each year",Arizona
"In 1963, live on ""The Art Linkletter Show"", this company served its billionth burger",McDonald's
"Signer of the Dec. of Indep., framer of the Constitution of Mass., second President of the United States",John Adams
"In the title of an Aesop fable, this insect shared billing with a grasshopper",the ant
"Built in 312 B.C. to link Rome & the South of Italy, it's still in use today",the Appian Way
"No. 8: 30 steals for the Birmingham Barons; 2,306 steals for the Bulls",Michael Jordan
"In the winter of 1971-72, a record 1,122 inches of snow fell at Rainier Paradise Ranger Station in this state",Washington
This housewares store was named for the packaging its merchandise came in & was first displayed on,Crate & Barrel
"""And away we go""",Jackie Gleason
Cows regurgitate this from the first stomach to the mouth & chew it again,the cud
In 1000 Rajaraja I of the Cholas battled to take this Indian Ocean island now known for its tea,Ceylon (or Sri Lanka)
"No. 1: Lettered in hoops, football & lacrosse at Syracuse & if you think he couldn't act, ask his 11 ""unclean"" buddies",Jim Brown
"On June 28, 1994 the nat'l weather service began issuing this index that rates the intensity of the sun's radiation",the UV index
"This company's Accutron watch, introduced in 1960, had a guarantee of accuracy to within one minute a  month",Bulova
"Outlaw: ""Murdered by a traitor and a coward whose name is not worthy to appear here""",Jesse James
"A small demon, or a mischievous child (who might be a little demon!)",imp
Karl led the first of these Marxist organizational efforts; the second one began in 1889,the International
"No. 10: FB/LB for Columbia U. in the 1920s; MVP for the Yankees in '27 & '36; ""Gibraltar in Cleats""",(Lou) Gehrig
"Africa's lowest temperature was 11 degrees below zero in 1935 at Ifrane, just south of Fez in this country",Morocco
Edward Teller & this man partnered in 1898 to sell high fashions to women,(Paul) Bonwit
"1939 Oscar winner: ""...you are a credit to your craft, your race and to your family""",Hattie McDaniel (for her role in Gone with the Wind)
"In geologic time one of these, shorter than an eon, is divided into periods & subdivided into epochs",era
"This Asian political party was founded in 1885 with ""Indian National"" as part of its name",the Congress Party
No. 5: Only center to lead the NBA in assists; track scholarship to Kansas U.; marathoner; volleyballer,(Wilt) Chamberlain
"The Kirschner brothers, Don & Bill, named this ski company for themselves & the second-highest mountain",K2
"Revolutionary War hero: ""His spirit is in Vermont now""",Ethan Allen
"A single layer of paper, or to perform one's craft diligently",ply
"<a href=""http://www.j-archive.com/media/2004-12-31_DJ_23.mp3"">Beyond ovoid abandonment, beyond ovoid betrayal... you won't believe the ending when he ""Hatches the Egg""</a>",Horton
California,Nixon
"It can be a place to leave your puppy when you take a trip, or a carrier for him that fits under an airplane seat",a kennel
"He's considered the author of the Pentateuch, which is hard to believe, as Deuteronomy continues after his death",Moses
"Steven Tyler of this band lent his steamin' vocals to ""Train Kept A-Rollin'"", first popularized by the Yardbirds",Aerosmith
Around 100 A.D. Tacitus wrote a book on how this art of persuasive speaking had declined since Cicero,oratory
1 of the 2 born in Vermont,Coolidge (or Chester Arthur)
"When it began on Pan Am & Qantas in the late '70s, it was basically a roped-off part of the economy cabin with free drinks",business class
"Ali, who married this man's daughter Fatima, is considered by Shia Muslims to be his true successor",Muhammed
"During the 1954-1955 Sun sessions, Elvis climbed aboard this train ""sixteen coaches long""","the ""Mystery Train"""
"The shorter glass seen <a href=""http://www.j-archive.com/media/2004-12-31_DJ_12.jpg"" target=""_blank"">here</a>, or a quaint cocktail made with sugar & bitters",an old-fashioned
"<a href=""http://www.j-archive.com/media/2004-12-31_DJ_26.mp3"">Ripped from today's headlines, he was a turtle king gone mad; Mack was the one good turtle who'd bring him down</a>",Yertle
"In 2003 this airline agreed to buy KLM, creating Europe's largest airline",Air France
Philadelphia got its start as a colony for this religious group of which William Penn was a member,the Quakers
"This ""Modern Girl"" first hit the Billboard Top 10 with ""Morning Train (Nine To Five)""",(Sheena) Easton
"This stiff silken fabric is favored for bridal gowns, like Christina Applegate's in 2001",organza
"<a href=""http://www.j-archive.com/media/2004-12-31_DJ_25.mp3"">Somewhere between truth & fiction lies Marco's reality... on Halloween, you won't believe you saw it on this St.</a>",Mulberry Street
In 2004 United launched this new service that features low fares & more seats per plane,Ted
With Mary I's accession in 1553 he ran to Geneva; he returned in 1559 & reformed the Church of Scotland,(John) Knox
"This band's ""Train In Vain"" was a hidden track on its original 1979 ""London Calling"" album",The Clash
"Cross-country skiing is sometimes referred to by these 2 letters, the same ones used to denote 90 in Roman numerals",XC
"<a href=""http://www.j-archive.com/media/2004-12-31_DJ_24.mp3"">""500 Hats""... 500 ways to die.  On July 4th, this young boy will defy a king... & become a legend</a>",Bartholomew Cubbins
"In the seat pocket you'll find the catalog called ""Sky"" this, with must-haves like a solar-powered patio umbrella",Mall
In 1534 he & his buddy Francis Xavier founded the Society of Jesus,(St. Ignatius) Loyola
"In 1961 James Brown announced ""all aboard"" for this train","""Night Train"""
This 1797 imbroglio began when 3 French agents demanded a huge bribe from U.S. diplomats,the XYZ Affair
Objects that pass closer to the sun than Mercury have been named for this mythological figure,Icarus
It's the largest kingdom in the United Kingdom,England
"""Party In The U.S.A."" is by this singer who also plays a young lady named Hannah",Miley Cyrus
"If this part of a peach is downy or fuzzy, the fruit's called a peach; if it's smooth, a nectarine",the skin
4 x 12,48
This verb for bouncing a basketball sounds like you're slobbering,dribbling
Blood pumper,heart
"(<a href=""http://www.j-archive.com/media/2010-07-06_J_22.wmv"">Tate: I'm Tate Shaffer aboard the <i>National Geographic Endeavour</i>.  Alex: And...</a>)  We're here in the Galapagos Islands at zero degrees latitude, which means we're right above this imaginary line that goes all the way around the Earth",the equator
"""Everybody Else"" knows these huggable toys precede ""On Fire"" in the name of a Radio Disney top 30 band; do you?",Care Bears
Peaches are more than 80% this compound,H2O
7 x 7 x 2,98
Sound navigation& ranging is the full name for this device that bounces radio waves underwater,sonar
"Small, slender missile thrown at a board in a game",a dart
"This island in the South Pacific is named for the day of its discovery, a religious holiday",Easter Island
"""The songs on 'Under My Skin' are...deeper than those on 'Let Go'"" said this Canadian on Radio Disney's website",Avril Lavigne
5-letter word for the hard interior of a peach,the stone
3 x 4 x 5 x 6,360
"In this kid's game, you bounce a small rubber ball while picking up 6-pronged metal objects",jacks
It can be a separating line in your hair or a role in a play,a part
Parts of the Arabian and Libyan deserts are found in this African country,Egypt
"""I Never Told You"" this alliteratively named singer hit Disney's Top 30 with ""Fallin' For You""; wait, I just did",Colbie Caillat
"These parts of a peach tree are glossy green, pointed & lance shaped",leaves
5 x 10 x 15,750
"It's a type of bounce house, or a dance made famous by Michael Jackson",the moonwalk
A graphic representation of information,a chart
The family history you wrote for school might include entering the U.S. at this island in New York Bay,Ellis Island
"Lead singer Ryan Tedder of this band has ""All The Right Moves""",OneRepublic
These parts of a peach tree grow at nodes along the shoots of the previous season's growth; they're usually pink,blossoms
"2 x 1,035","2,070"
"This device whose name is from the Italian for ""springboard"" was perfected in the 1930s",a trampoline
Composer Wolfgang,Mozart
99.95% of the mass of an atom is in this part,the nucleus
"Park View of Chula Vista, California beat Taipei 6-3 to win this organization's 2009 World Series",the Little League
This hero of several books is 11 when he discovers he's a wizard,Harry Potter
"Say the name of <a href=""http://www.j-archive.com/media/2010-07-06_DJ_26.jpg"" target=""_blank"">this</a> type of mollusk you see",an octopus
"A 7.0 magnitude earthquake in this Caribbean country Jan. 12, 2010 brought a world outpouring of aid",Haiti
It's the 4-letter name of the pleated skirt worn by men in Scotland,a kilt
"During this plant process, carbon dioxide & water combine with light energy to create oxygen & glucose",photosynthesis
The perfect waves of New Zealand's Piha Beach were the site for the 2010 World Junior Championships of this,surfing
"This city, the seat of Clark County, Nevada, has been called ""the entertainment capital of the world""",Las Vegas
"Say <a href=""http://www.j-archive.com/media/2010-07-06_DJ_27.jpg"" target=""_blank"">this</a> state that was admitted to the Union in 1859",Oregon
This car company has been in the news for widespread recalls of its Corollas & other models,Toyota
"As an adjective, it can mean proper; as a verb, ""to grade papers""",correct
The wedge is an adaptation of the simple machine called the inclined this,plane
"With a mighty leap of 5'1"", David Mosely set the U.S. 10 & under record in this event back in 1977",the high jump
"<a href=""http://www.j-archive.com/media/2010-07-06_DJ_14.jpg"" target=""_blank"">This dog breed seen here</a> is a loyal and protective companion",a German Shepherd
"Say the name of <a href=""http://www.j-archive.com/media/2010-07-06_DJ_28.jpg"" target=""_blank"">this</a> bug; don't worry, it doesn't breathe fire",the dragonfly
"(<a href=""http://www.j-archive.com/media/2010-07-06_DJ_21.wmv"">Jimmy of the Clue Crew demonstrates, putting his arm over his mouth.</a>) To avoid spreading germs & maybe flu, we learned the sneeze named for this character made famous in an 1897 book",Dracula
Maize is another word for this,corn
"Of the 6 noble gases on the periodic table, it is the lightest",helium
11-year-old Ashlyn White won a 2009 U.S. youth title in this martial art in which you try to throw your opponent,judo
"In 1751 the Penn Provincial Assembly placed the order for this symbol of freedom, now in Philadelphia",the Liberty Bell
"Say the name of <a href=""http://www.j-archive.com/media/2010-07-06_DJ_29.jpg"" target=""_blank"">these</a> big trees; it has a color in it",redwood
"In a surprise, Ted Kennedy's old Senate seat in this state went to a Republican in a January 2010 election",Massachusetts
"This word for someone who walks comes from the Latin for ""foot""",pedestrian
Lava & igneous rock are formed from this hot liquid rock material found under the earth's crust,magma
This sport has an under-17 World Cup every 2 years; Haris Seferovic starred for the 2009 champion Switzerland,soccer
He's the older son of Prince Charles and the late Princess Diana,Prince William
"Say the name of <a href=""http://www.j-archive.com/media/2010-07-06_DJ_30.jpg"" target=""_blank"">this</a> man you see shaking hands with the Premier of China",Ronald Reagan
"Falcon Heene, who it turned out was safe at home, not flying over Colorado, became known as this ""boy""",the balloon boy
"Kayak is an example of this, a word that reads the same forwards & backwards",a palindrome
"She was born in Virginia around 1596 & died in Kent, England in 1617",Pocahontas
"Prime Minister Tony Blair dubbed her ""The People's Princess""",Princess Diana
"Once Tommy Mullaney on ""L.A. Law"", John Spencer now plays White House chief of staff Leo McGarry on this series",The West Wing
The Cinderella Castle Mystery Tour is a highlight of this Asian city's Disneyland,Tokyo
This punk rock hitmaker heard here has had numerous hits on both sides of the Atlantic,Billy Idol
"""Conrad begins (and ends) Marlow's journey... on the Thames, on the yawl, Nellie"", says the foreword to this novel",Heart of Darkness
We'll look smart in these vehicles that returned to London in 1999,Trams (smart)
"She was ""The Untamed Heifer"" & ""The Virgin Queen""",Elizabeth I
"Barbra Streisand knows he played Lt. Col. Bill ""Raider"" Kelly on ""Pensacola: Wings of Gold""",James Brolin
"The home of silk merchant Jim Thompson, who disappeared in 1967, is a tourist attraction in this Thai city",Bangkok
"Czar at 17, he was famous for extraordinary sadism & cruelty, even as a boy",Ivan the Terrible
"Part 2 ""is Lilliput in reverse, but...also offers some of"" his ""fiercest assaults upon the behavior of"" his countrymen",Jonathan Swift
Ed leaves pools of water on the carpet when he comes in from sailing this boat,Sloop (pools)
"Mark Antony called her ""The Queen of Queens""",Cleopatra
"(Hi, I'm Wallace Langham)  I played Don Kirshner in VH1's TV movie about this quartet who sang ""Daydream Believer""",The Monkees
We're not stringing you along: this capital of the Czech Republic is famous for its puppet theatres,Prague
"Nudge, nudge, wink, wink!  This man seen here starred on a classic British comedy show",Eric Idle
"She said that her husband Frank O'Connor was the fuel that kept her spirited while she wrote ""The Fountainhead""",Ayn Rand
You'd be naive to think you can make bottled water that's more popular than this,Evian (naive)
"The 19th century's ""Widow of Windsor""",Queen Victoria
"Teri Hatcher looked ""shipshape"" as one of the singing ""mermaids"" who jumped on board this cruisin' series in 1985",The Love Boat
Jomo Kenyatta International Airport serves this world capital,"Nairobi, Kenya"
His is the first & longest book of the Bible's major prophets,Isaiah
"One edition calls this Darwin opus one of ""the most readable and approachable"" of revolutionary scientific works",The Origin of Species
"Aye, lass, I'll wed thee ere this has dried on the fields",Dew (wed)
"""The Catholic"" of 15th century Spain",Queen Isabella
"On ""Saturday Night Live"", he's famous for playing Craig the Cheerleader, Janet Reno & moi",Will Ferrell
"Andrea Palladio's 1554 book on ""The Antiquities of"" this city was the standard guidebook for some 200 years",Rome
This auto exec's autobiography is one of the bestselling nonfiction works in publishing history,Lee Iacocca
"You know so much about policy, you qualify as this",Wonk (know)
"After a 15-year stay in England, this proprietor of Pennsylvania returned to his colony in 1699",William Penn
"SFX is the standard abbreviation for these, from the rustling of trees to cannon fire",Sound effects
Saint-Pierre & Miquelon,France
"Designer Vivienne Westwood ran a shop with Malcolm McLaren, who launched this Johnny Rotten band",The Sex Pistols
"Because he had the same thing for lunch every day for 20 years, Andy Warhol painted these, beginning in 1962",Campbell's Soup cans
"Lerner & Loewe's ""Lusty Month"" (3)",May
This young man put his savings into a small Cleveland refinery in 1862 & eventually had an oil monopoly,John D. Rockefeller
"Term for the flow of a film, maintained by keeping details consistent throughout a scene",Continuity
Montserrat,Great Britain (United Kingdom)
Star designer John Galliano was born Juan Carlos Galliano in this British possession at the tip of Spain,Gibraltar
"Warhol went against his Capitalist tendencies with his portrait of this man, seen here",Mao Tse-tung
"Patrick Dennis' ""Auntie"" (4)",Mame
First Lady Helen Taft led a fund-raising drive for a memorial to this 1912 marine disaster,Sinking of the Titanic
"Garland Jeffreys sang of having star-studded ""dreams"" of this size, like movie film",35mm
Cook Islands,New Zealand
"Katharine Hamnett created the '80s T-shirt telling us to ""choose"" this",Life
"Andy's ""15 minutes of fame"" quote was once the motto of this magazine",Interview
"It ""Becomes Electra"" (8)",Mourning
This Chiricahua Apache was a popular attraction at the 1904 World's Fair in St. Louis,Geronimo
The inventors of this camera-stabilizing device won a special 1977 Oscar,Steadicam
Madeira Islands,Portugal
Andy's loft on East 47th Street got this nickname from its former use & Andy's mass-production techniques,The Factory
Colchian jilted by Jason (5),Medea
"In 1801 this onetime VP compiled ""A Manual of Parliamentary Practice"" still used in the U.S. Senate",Thomas Jefferson
"Near the end of the credits comes the ""cutter"" of this, the exposed but unfinished film",Negative cutter
Northern Mariana Islands,USA
Warhol became the manager of this Lou Reed rock group in 1965 & produced their first album,Velvet Underground
Faust's fiendish foe (14),Mephistopheles
"If Joe DiMaggio's hitting streak had gone one more game in 1941, this company would have given him a $10,000 contract",H.J. Heinz (Heinz 57 Varieties)
"This white, glossy coating on your teeth is the hardest substance in the human body",Enamel
"This bovine took the rap for the disastrous fire of October 8, 1871",Mrs. O'Leary's cow
It's the kingdom whose flag is seen here (Union Jack),Great Britain/England
Minoru Yamasaki reached new heights with this New York City complex,World Trade Center
Quentin Tarantino directed this film & also had a bit role as Jimmy of Toluca Lake,Pulp Fiction
"A student, or a minor in Roman law",Pupil
The time it takes for 50% of the atoms to decay in a radioactive substance is called this,Half-life
"At 14,140 feet, this Rocky Mountain peak discovered in 1806 is one of Colorado's highest",Pike's Peak
Seen here is the flag of this nation (the home of Bollywood),India
"William Pereira erected his Transamerica ""Pyramid"" in this city",San Francisco
"As mad bomber Howard Payne in this film, Dennis Hopper planted a bomb on an L.A. area transit bus",Speed
A blow with a whip,Lash
"While compounds of this element are added to table salt, in its pure form it's quite poisonous",Iodine
"While one creation slept, God took this to make Eve",Adam's rib
Andy Garcia is a native of this country whose flag is seen here,Cuba
"Charles Bulfinch, who contributed to the Capitol in Washington, D.C., designed this city's state house on Beacon Hill",Boston
"Jean Vander Pyl, who played Wilma in the original cartoon series, played Mrs. Feldspar in this movie adaptation",The Flintstones
A hollow area that holds a light bulb,Socket
"The ""super"" class of these stars, the largest known, includes Antares & Betelgeuse",Red giants
You'll find this triangular island about 4 miles off the southeast coast of Massachusetts,Martha's Vineyard
"In the 1990s, this nation whose flag is seen here moved its seat of government to a different city",Germany
Dallas-Fort Worth Airport architect Gyo Obata helped design this Smithsonian museum,Air & Space Museum
"Containing the hit ""Can You Feel The Love Tonight"", it was Disney's first animated feature not based on an existing story",The Lion King
Flower seen here (that fits the category),Iris
"On the pH scale, a pH of 7 indicates this type of solution",Neutral
"In Exodus, this was thrown down before Pharaoh at Moses' instruction",Aaron's rod (turned into a snake)
"This Mediterranean country whose flag is seen here is ""The Word""",Greece
Louis Skidmore designed the secret atomic site that became this Tennessee town,Oak Ridge
"In this film Martin Scorsese says the TV audience wants ""To  watch the money""",Quiz Show
People say these are what you need to make it in Hollywood,Contacts
"4 different species of bears live in Alaska:  Kodiak, grizzly, black & this",Polar bears
Nike's stock fell when this basketball player announced his retirement in January 1999,Michael Jordan
"In Euripides' play about this famed beauty, it's her double who goes to Troy",Helen
In 1996 John Travolta spread his wings as this archangel,Michael
"Porfirio Diaz seized power in this country in 1876, ruled for 35 years, fled in 1911 & died in exile",Mexico
"This term for a fluid can also mean ""to sign"" as a contract",Ink
"Tony Knowles is pulling in $81,648 per annum in this job",Governor
Ronaldo Luiz Nazario de Lima began playing this sport for Brazil's national team at age 17,Soccer
"In a Shaw play, Caesar finds her hiding on a Sphinx",Cleopatra
"In Book III of ""Paradise Lost"", the angels play these, which are ""golden"" & ""ever-tuned""",harps
In 1462 this printer known for movable type had to move out of Mainz,Johannes Gutenberg
Style of the 1877 painting seen here,Impressionism
This second-largest Alaskan city wasn't named for an actor,Fairbanks
Vladimir Samsonov is touted as Europe's only hope against China in this game,Ping-pong
"A 1952 play covered the young life of this queen, like a 1998 Cate Blanchett film",Elizabeth I
"ABBA sang about these & Curtis Lee sang about ""Pretty Little"" these",Angel Eyes
"Exiled for manslaughter, Eric the Red was forced to leave this country around 981",Iceland
"Arabic for ""son of"", it comes before names like Saud",Ibn
One of the 3 mottos that have been featured on regular Alaskan license plates,"""The Last Frontier"", ""The Great Land"", or ""North to the Future"""
"The Times of London estimates this chess player is taking home $20 mil. a year; that's some check, mate!",Garry Kasparov
In 1935 & '36 Helen Hayes reigned for 517 Broadway performances as this queen who reigned for 63 years,Victoria
"Group whose feast day is October 2, or a group founded in 1979 by Curtis Sliwa",Guardian Angels
David Ben-Gurion went to the U.S. in 1915 when this empire exiled Zionists from Palestine,Ottoman Empire
"From the Latin for ""to overhang"", it means ""likely to happen at any moment""",Imminent
The mainland peninsula closest to Russia is named for this man,William Seward
New Zealand-born Jonah Lamu is tops on the pitch of this sport,Rugby
"The queen in Marlowe's ""Edward II"" is named this, like a famous queen of Spain",Isabella
"With an appropriate-sounding name, John Dye plays the angel of this on ""Touched By An Angel""",Angel of Death
Moshoeshoe II was exiled twice before regaining this southern African country's throne in 1995,Lesotho
"Some scientists believe that the universe is undergoing expansion called this, also an economic term",Inflation
"Bordering Italy, Austria, Hungary & Croatia, it's one of the world's newest independent countries",Slovenia
"His first act after being sworn in as president of the Confederacy was to send a peace commission to Washington, D.C.",Jefferson Davis
"On Sept. 14, 2005 she gave birth to Sean Preston Federline",Britney Spears
"Yeah, baby!  Meaning ""magnificent"", this Texas-sounding name comes with certain ""Powers""",Austin
;-) Ocular act that sends a signal,winking
The Alamo is located in this city & is depicted on its flag,San Antonio
"Numerically speaking, read up on ""Fun Stuff"", ""Fashion"", ""Health"" & ""Stars"" at this magazine.com",seventeen.com
"Tired of eating mule jerky, Vicksburg fell in July 1863 after a 6-week one of these military tactics",a siege
"The TV show ""Everybody Hates Chris"" is based on the childhood of this comic",Chris Rock
This name shared by great & terrible rulers is a Russian variation of John,Ivan
":-$ It's where this emoticon tells you to ""put your money""",where your mouth is
This descriptive nickname of the U.S. flag was coined by Francis Scott Key,the Star-Spangled Banner
"If you're triskaidekaphobic, you're afraid of this number, & not just on a Friday",thirteen
Robert E. Lee saved this capital from capture with his June 1862 attack on McClellan's forces,Richmond
He auditioned for & won the part of Ron Weasley with a rap that he wrote,Rupert Grint
"This feminine form of Rex is from the Latin for ""queen""",Regina
:-* Gene Simmons might accept one of these from any pretty woman,a kiss
"The 2 colors found on all 3 national flags of the U.S., Mexico & Canada",red & white
"A holder for liquid, or a military base's general store",a canteen
In Feb. 2005 a reenactment was staged for this 140th anniversary of this fort's reoccupation by Union troops,Fort Sumter
"Her 18th birthday party was ""A Cinderella Story"" with 300 guests & red velvet cake",Hilary Duff
This Welsh form of Margaret was among the USA's top 10 girls' names of the 1990s,Megan
=|:-)= This is an extension of the initials U.S.,Uncle Sam
"The <a href=""http://www.j-archive.com/media/2006-02-06_J_29.jpg"" target=""_blank"">flag</a> of this U.S. possession is almost the same as the flag of Cuba",Puerto Rico
"Golfing ""hole"" with a bar (where you can't go), or the amendment granting women's suffrage",19th
"On Sept. 2, 1864 this general sent a wire saying, ""Atlanta is ours, and fairly won""",Sherman
"""You Stand Watching"" this ""Shine On"" singer",Ryan Cabrera
"Previously attached to Theo- & Isa-, it became popular by itself after appearing in ""David Copperfield""",Dora
:-b.. Doing this means either you're hungry or you're a pig,drooling
The first 50-star U.S. flag was officially raised on July 4 of this year,1960
"Number of lines in Shakespeare's poem that starts ""Shall I compare thee to a summer's day?""",14
"Ljubljana, Bratislava, Barcelona",Barcelona
"Mike Eruzione of Winthrop, Mass. was captain of the miraculous 1980 Olympic team in this sport",hockey
"At sea level at 70 degrees this travels 1,129 feet per second; it speeds up over 1 foot per sec. for each rising degree",sound
"""I beheld the wretch--the miserable monster whom I had created""",Mary Shelley
"Found ""just what I needed"" at this ""City"", an electronics store",Circuit City
The name of this color comes from the Greek word porphyra,purple
"Istanbul, Ottawa, Amman",Istanbul
"(<a href=""http://www.j-archive.com/media/2006-02-06_DJ_23.jpg"" target=""_blank"">Jimmy of the Clue Crew puts some lines on the ice in the Olympic Oval rink at Park City, UT.</a>)  In 1998, <a href=""http://www.j-archive.com/media/2006-02-06_DJ_23a.jpg"" target=""_blank"">this U.S. skater</a> was 2nd at Nagano; in 2002, she was 3rd here in Utah",Michelle Kwan
"The largest tree, the General Sherman in California, is this type, also called a Sierra Redwood",a sequoia
"""Take thy beak from out my heart, and take thy form from off my door!""",Edgar Allan Poe
SKX is the stock symbol for this manufacturer of sporty shoes,Skechers
"A bowl-shaped depression, as from the impact of a meteorite, it's from the Greek for ""mixing bowl""",crater
"Sofia, Sarajevo, Saigon",Saigon
"Life has its ups & downs for Travis Mayer, a 2002 medalist in the event named for these little hills on the slopes",moguls
"(<a href=""http://www.j-archive.com/media/2006-02-06_DJ_13.jpg"" target=""_blank"">Sarah of the Clue Crew reads from the pole vault at Duke University's track in Durham, NC.</a>)  In bending an elastic solid, stress is the force causing deformation & this is the 6-letter term for <a href=""http://www.j-archive.com/media/2006-02-06_DJ_13a.jpg"" target=""_blank"">the deformation</a>",strain
"""'Do all lawyers defend n-negroes, Atticus?'  'Of course they do, Scout'""",Harper Lee
"This ""Urban"" store is the parent company of Anthropologie",Urban Outfitters
"From the Greek for ""false name"", it's a fictitious name used by an author",a pseudonym
"Bucharest, Bonn, Bern",Bonn
In 2002 Vonetta Flowers & Jill Bakken won gold in the 2-woman version of this high-speed sport,the bobsled
6 elements once known as inert gases are now known by this aristocratic name,noble gases
"""For never man had a more faithful, loving, sincere servant, than Friday was to me""",Daniel Defoe
"This bookstore chain is named for its ""edgy"" founders, brothers Tom & Louis",Borders
"(<a href=""http://www.j-archive.com/media/2006-02-06_DJ_04.jpg"" target=""_blank"">Jon of the Clue Crew paddles his kayak.</a>)  Kayak is an example of this type of reversible word from the Greek for ""running back again""",a palindrome
"Belize City, Guatemala City, Panama City",Belize City
"His ""Bode"" of work includes 2 Alpine skiing silver medals in 2002",Bode Miller
"(<a href=""http://www.j-archive.com/media/2006-02-06_DJ_15.wmv"">A honey-colored retriever named Max tries to lick Cheryl of the Clue Crew as she pets him at NC State University in Raleigh, NC.</a>)  Veterinarians refer to this area of an animal's body as the posterior or this region, from the Latin for ""the tail""",the caudal region
"""'...Why look'st thou so?'--'With my crossbow I shot the albatross'""",Samuel Taylor Coleridge
"The name of this clothing store for teens is French for ""airmail""",Aéropostale
It's an outline of the contents of a course or curriculum,a syllabus
"On December 27, 1831 it departed Plymouth, England to map the coastline of South America",the HMS Beagle
goop.com is a lifestyles website from this Oscar-winning actress; the g & p represent her initials,Gwyneth Paltrow
"On March 19, 2009 he said, ""I'm excited and honored to introduce my first guest... Barack Obama""",Jay Leno
"Baylor, Stephen F. Austin, Rice",Texas
Synonym for dignity that's the term for a group of lions,a pride
"If you're a beginner, you might hippity-hop over to this smaller, gentler slope",a bunny hill
"If your mate from Marseilles says he's getting to LAX via ""Sud-Ouest"", pick him up at this carrier",Southwest
In 2008 David Gregory became moderator of this NBC Sunday morning news show,Meet the Press
"Time magazine said this 2003 Pixar film was ""the ultimate fish-out-of-water story""",Finding Nemo
"Antioch, Bowling Green, Kent State",Ohio
"Like peas, whales & seals are in groups called these",pods
"Something you'd sprinkle on after a shower, it's also the term for soft, dry, freshly fallen snow",powder
"Duck, duck, l'oie; (l'oie of course referring to this other feathered friend)",a goose
Linus Torvalds is the father of this operating system used on cell phones & supercomputers,Linux
"Of his dialogue, this Han Solo actor said, ""You can type this (stuff), George, but you sure can't say it""",Harrison Ford
"DePaul, Wheaton, Northwestern",Illinois
A crash is a group of these large horned mammals,rhinoceroses
"In California, a premier spot for skiing is this resort area that shares its name with a prehistoric elephant",Mammoth
"""Je ne sais pas"" means this, but you still get credit if you phrase it in the form of a question","""I don't know"""
"The district of conservative rep. Patrick McHenry in this state includes Mooresville, a home of NASCAR",North Carolina
"Tim Robbins played a public TV newsman in ""Anchorman: The Legend of"" him",Ron Burgundy
"Wayne State, Kalamazoo College, Madonna University (it's Franciscan Catholic, not Material Girl)",Michigan
"It can be a pack of dogs, or a place to board them",a kennel
In this type of race you have to zigzag between flags or other obstacles in proper order,a slalom
"When mom tells you to do something ""Maintenant!"", she means this",now
Elon Musk is now making rockets & electric cars; before that he co-founded & sold this electronic payment system,PayPal
"We were frakkin' sad when this sci fi show had its series finale on March 20, 2009",Battlestar Galactica
"Grambling, McNeese State, Southern",Louisiana
A flock of these black birds is called a murder,crows
"Bumps or mounds of snow that accumulate on a slope are called these, like some very wealthy & powerful people",moguls
"""Huitieme"" is French for this ordinal number",eighth
Her home Orchard House was the model for whre the March family lived in her most famous novel,Louisa May Alcott
"""X&Y"", ""Parachutes""",Coldplay
This cord that connects a fetus to the placenta contains 2 arteries & 1 vein,the umbillical cord
"Che Guevara probably knew the political-sounding term for the root symbol seen <a href=""http://www.j-archive.com/media/2009-05-08_DJ_26.jpg"" target=""_blank"">here</a>",radical
The World Wide Web gets its first page,the 1990s
"This adjective meaning deceptive or sneaky is from the Latin de via, meaning ""out of the way""",devious
"During the War Of 1812, this ""Rip Van Winkle"" author wrote biographies of Naval commanders",Washington Irving
"""American Idiot"", ""Dookie""",Green Day
"The human body has 3 types of these: skeletal, smooth & cardiac, a combination of skeletal & smooth",muscles
You should answer this one automatically: It's the property that says a = a,reflexive
The first controlled nuclear chain reaction,the 1940s
"This New York island's name may come from the Algonquian word for ""island""",Manhattan
"Susan & Benjamin Cheever, children of this short story master, are both authors as well",John Cheever
"""Master of Puppets"", ""Death Magnetic""",Metallica
The talus fits between the ends of these 2 bones forming the ankle joint,the tibia & fibula
"(<a href=""http://www.j-archive.com/media/2009-05-08_DJ_28.jpg"" target=""_blank"">Kelly of the Clue Crew shows an array of numbers enclosed in brackets on the monitor.</a>)  A set of numbers in rows and columns can be used in many ways--for example, to encrypt a code or create 3-D computer graphics; the set shares this name with a 1999 film",a matrix
"Khruschev's ""Secret Speech"" denounces Stalin",the 1950s
"This compass direction may come from the Proto-Germanic for ""to the left of the rising sun""",north
"He stood 5'3"" & was the subject of movies that came out in 2005 & 2006",(Truman) Capote
"""In Your Honor"", ""The Color and the Shape""",Foo Fighters
"Humans have 33 vertebrae, 7 of them cervical, meaning they are in this part of the body",your neck
The symbol <i>i</i> is used to represent the imaginary square root of this number,-1
"George Orwell, 34 years dead, hits the bestseller list",the 1980s
"From the Latin for ""much writing"", it's another name for a lie detector test",a polygraph
"He reviewed films & TV for the New Republic before his first book, ""Goodbye, Columbus"", was published in 1959",Philip Roth
"""Beggars Banquet"", ""Steel Wheels""",the Rolling Stones
The pons connects the 2 hemispheres of this part of the brain that regulates balance,the cerebellum
"(<a href=""http://www.j-archive.com/media/2009-05-08_DJ_30.jpg"" target=""_blank"">Jimmy of the Clue Crew shows a geometric diagram on the monitor.</a>)  Half the base times the height gives the area of a triangle; for a <a href=""http://www.j-archive.com/media/2009-05-08_DJ_30a.jpg"" target=""_blank"">cylinder</a>, the area of the base times the height gives this measurement",volume
Man first reaches the South Pole,the 1910s
"A type of ear implant to help the deaf, it's from the Greek for ""snail""",cochlear
"He filed for divorce citing Leviticus 20:21, ""If a man shall take his brother's wife, it is an unclean thing""",Henry VIII
Edward Beale brought news of this 1848 discovery in California to the east coast,gold
The amount of this in a solution can be measured by a saccharometer,sugar
Daedalus used this substance to fasten the wings to his back,wax
"This Sunday night series is subtitled ""The New Adventures of Superman""",Lois & Clark
This state's Days of '47 Festival honors the day Brigham Young reached the Salt Lake Valley in 1847,Utah
A complete donut center,whole hole
"Stephen Long & Zebulon Pike have peaks named for them in this state, an area they said was uninhabitable",Colorado
The energy from this is measured by a pyrheliometer,the Sun
Cadmus planted these parts of a dragon to raise some troops,teeth
"""Freddy's Nightmares"", a horror anthology that debuted in 1988, was based on this movie series",Nightmare on Elm Street
"Monroe, near Snohomish in this state, is the site of the annual Evergreen State Fair",Washington
"In a restaurant, it's a quartet's table request",for four
Co-commanders of the 1st U.S. expedition to explore from Mississippi to the west coast,Lewis & Clark
An odometer measures the distance covered by a vehicle & this device measures how far you've walked,a pedometer
"The sister of Orestes, mourning became her",Electra
This crime drama with Robert Wagner & Stefanie Powers was created by Sidney Sheldon,Hart to Hart
"Dog lovers look forward to the Westminster Kennel Club dog show, held each February in this city",New York City
Contented performing kittens might be paid this way,per purr
Jedediah Smith was a mountain man & explorer employed in this industry,fur trading
A spirometer measures the capacity of these organs,the lungs
"Zeus' father, Cronus, was one of this group of 12",Titans
"Character seen <a href=""http://www.j-archive.com/media/1996-12-06_J_04.wmv"">here</a>, his action-packed journeys are legendary:",Hercules (Kevin Sorbo)
"The Pendleton Roundup, an annual rodeo, takes place in Pendleton in this northwestern state",Oregon
A squash that's been pierced by a bull's horn,gored gourd
"Senator Thomas Hart Benton's son-in-law was this ""Pathfinder""",John C. Frémont
A nilometer measures the height of the water in this,the Nile River
"Leda laid 2 eggs:  one with Helen & Pollux in it, the other containing Clytemnestra & him",Castor
"Jack Wagner, formerly of ""General Hospital"", now plays Dr. Peter Burns on this Fox drama",Melrose Place
The Tanglewood Music Festival is a summer highlight in Lenox in this New England state,Massachusetts
Remained sedate,stayed staid
"This Nazi dictator sometimes dined alone with Blondi, his Alsatian",Adolf Hitler
This isthmus connects North & South America,Isthmus of Panama
"He painted ""Irises"" & ""Pink Roses"" as well as ""Sunflowers""",Vincent Van Gogh
"It has over 9,700 tax preparation offices worldwide",H&R Block
Historians refer to the Golden Age as the time during which Pericles ruled this city,Athens
"On Feb. 12, 1959, the 150th anniversary of Lincoln's birth, he addressed a joint session of Congress",Carl Sandburg
"In 1964 he lifted his beagles Him & Her by the ears on the White House lawn, provoking protest",Lyndon Johnson
"A humid city, Rio de Janeiro lies just north of this tropic line",the Tropic of Capricorn
"This drip artist was born in Cody, Wyoming in 1912",Jackson Pollock
"In 1961 this firm introduced its Selectric typewriter, which used a spherical typing element",IBM
"Under the 1814 Treaty of Kiel, this country gave Norway to Sweden but kept Greenland & other islands",Denmark
"Between 1842 & 1885, he repeatedly revised his ""Idylls of the King""",Alfred Lord Tennyson
"Colo was the first of these great apes born in captivity, in 1956 at the Columbus Zoo",Gorilla
"The lowest river in the world, it's revered by Jews, Christians & Muslims alike",The River Jordan
"He spent several summers painting pointillist seascapes including ""Le Bec Du Hoc, Grandcamp""",Georges Seurat
"In 1934 he plugged Bulova ""Lone Eagle"" watches",Charles Lindbergh
In February 1904 this country attacked the Russian fleet at Port Arthur,Japan
"For much of the winter of 1794-95, he served as acting supervisor for Dumfries, Scotland",Robert Burns
"In 1945 this famous scottie was injured in a fight with Blaze, Elliott Roosevelt's mastiff",Fala
"Discovered by David Livingstone, Botswana's Lake Ngami lies in the northern part of this desert",Kalahari Desert
"His sculpture, ""The Age of Bronze"", exhibited in 1877, was inspired by Michelangelo",Auguste Rodin
Only Philip Morris & this Cincinnati-based firm have yearly ad expenditures exceeding $2 billion,Procter & Gamble
"On May 30, 1967 Colonel Ojukwu declared Biafra's independence from this country, starting a civil war",Nigeria
"Her ""I Heard a Fly Buzz"" may have been based on a chapter in ""The House of the Seven Gables""",Emily Dickinson
This favorite horse of Alexander the Great sometimes wore golden horns in battle,Bucephalus
In area this country whose capital is now called Yangon is the largest in mainland southeast Asia,Myanmar (Burma)
"You can see this British sculptor's ""Reclining Mother and Child"" at the Walker Art Center in Minneapolis",Henry Moore
In 1811 this German family began its steel-making business by constructing a plant in Essen,Krupp
"In the midst of the Korean War, this South Korean president was elected to his second of 4 terms",Syngman Rhee
"He once wrote, ""I choose to be a plain New Hampshire farmer""",Robert Frost
"This 1895 novel is subtitled ""An Invention""",The Time Machine
"While making repairs on the Intl. Space Station, Scott Parazynski lost a needle-nose pair of these",pliers
September 2010 brought the 45th edition of this comedian's telethon,Jerry Lewis
"Hit this paper mache container, Spanish for ""jug"", if you want candy and small gifts",pinata
"""In 1997, the House (of Reps.) voted to reprimand him... It marked the first time the House had reprimanded a Speaker""",Gingrich
"We'll give you $200, not $1,000, for this five letter word meaning stately or majestic",grand
"(<a href=""http://www.j-archive.com/media/2010-12-07_J_26.jpg"" target=""_blank"">Jimmy of the Clue Crew reports from the RV/MH Hall of Fame in Elkhart, IN.</a>)  The GMC Motorhome from the '60s & 70s was among the first models to have this innovation that helps with traction by putting the weight over the <a href=""http://www.j-archive.com/media/2010-12-07_J_26a.jpg"" target=""_blank"">wheels</a> that do the work",front-wheel drive
"In its years of operation, this Soviet space station released more than 200 objects (mostly trash) into space",Mir
"Originally a half hour, this soap started in 1963 & featured Nurse Jessie Brewer",General Hospital
This word seen on doors is what a right-handed batter does when he hits the ball to left field,pull
"""See Simon, Paul""",(Art) Garfunkel
"Proverbially, you can ""break"" this food, or ""take (it) out of someone's mouth""; earn some dough",bread
"(<a href=""http://www.j-archive.com/media/2010-12-07_J_27.jpg"" target=""_blank"">Jimmy of the Clue Crew reports from the RV/MH Hall of Fame in Elkhart, IN.</a>)  I'm behind the wheel of the <a href=""http://www.j-archive.com/media/2010-12-07_J_27a.jpg"" target=""_blank"">very first motor home</a>, from the company whose name has become a synonym for ""motor home""; since 1967, they've sold over 400,000 of them",Winnebago
"Ed White, the first U.S. spacewalker, lost one of these outside Gemini 4; he must've looked like a later ""moonwalker""",a glove
In 1948 Douglas Edwards became the first anchor of this network's Evening News,CBS
Aaron Fechter invented this carnival game where you hit a mammal with a mallet,Whack-A-Mole
"""American poet... became known as a leader of the Beat literary movement of the 1950s""",(Allen) Ginsberg
The shell of this mollusk is composed chiefly of calcium carbonate,a clam
"(<a href=""http://www.j-archive.com/media/2010-12-07_J_28.jpg"" target=""_blank"">Kelly of the Clue Crew reports from the RV/MH Hall of Fame in Elkhart, IN.</a>)  One of the first times a movie star received a <a href=""http://www.j-archive.com/media/2010-12-07_J_28a.jpg"" target=""_blank"">fancy trailer</a> as a perk was in 1931; Paramount gave a <a href=""http://www.j-archive.com/media/2010-12-07_J_28b.jpg"" target=""_blank"">Chevy house car</a> to <a href=""http://www.j-archive.com/media/2010-12-07_J_28c.jpg"" target=""_blank""> this</a> sexy star as she left the stage to make movies like ""She Done Him Wrong""",Mae West
Piers Sellers lost a tool in space while spreading putty into this Space Shuttle named for Capt. Cook's ship,Discovery
"Shown Saturday afternoons on ABC, this sport's tour outdrew college football & moved to ESPN in 1997",the pro bowling tour
Everlast makes these that come in speed and heavy varieties,punching bags
"""Served under the Apache leaders Cochise and Mangas Coloradas... in 1894, he was moved to Fort Sill",Geronimo
You don't get 5 guesses at this winglike appendage to the underwater portion of a hull,a fin
"In 1992 Space Shuttle astronauts delivered ashes of this ""Star Trek"" creator into the final frontier",Gene Roddenberry
"2010's ""When Love Is Not Enough"" was the 240th presentation in this series from a greeting card company",Hallmark Hall of Fame
"In some casinos, a blackjack dealer must hit with an ace & a 6, known as this type of 17",soft
"""One of the most original and provocative American architects working today""",(Frank) Gehry
"When speaking of Messrs. Netanyahu or Britten, it's all about the first name, pluralized",the Benjamins
Blanche DuBois,A Streetcar Named Desire
"Giving the devil his due, Fr. Karras invites the devil inside himself, then exits from the second floor in this 1973 movie",The Exorcist
3.6 million: Down Under,Melbourne
"In 2010 this Illinois governor was tried on corruption charges, but convicted on only 1 count",Blagojevich
"As Franklin D. Roosevelt's blood pressure was 300/190, he suffered from this 1-word condition",hypertension
"If you're vertical but supported by your palms, you're doing one of these",a handstand
Emily Webb of Grover's Corners,Our Town
"In this Bruce Willis movie, the villain goes out the window of the Nakatomi building, gun in hand",Die Hard
11 million: on Luzon Island,Manila
In 2006 this Illinois governor was busted for racketeering; what's in the water there?,George Ryan
In 1905 German scientist Alfred Einhorn created this first injectable local anesthetic used in dentistry,novocaine
A caterpillar that moves by contraction & expansion,an inchworm
"Movie in which Axel Foley asks, ""where ...you get off arresting me for being thrown out a window?""",Beverly Hills Cop
1.1 million: in the heart of the Po River Valley,Milan
"In 2010 it was revealed that Robert Rizzo made $800,000 a year as the city this of Bell, Calif., population 37,000",manager
"Micro-Trach is an oxygen delivery system developed by this physician known for his ""maneuver""",(Henry) Heimlich
"A loop found on footwear, it's a symbol of success through one's own efforts",a bootstrap
18 million: on the Arabian Sea,Mumbai
In 2010 a House committee charged this veteran Harlem congressman with ethics violations,(Charlie) Rangel
"(<a href=""http://www.j-archive.com/media/2010-12-07_DJ_09.jpg"" target=""_blank"">Dr. Oz presents the clue.</a>) By surgically interrupting the electrical impulses that are causing an abnormal rhythm, the maze procedure is designed to threat this type of heart arrhythmia abbreviated ""A.F.""",atrial fibrillation
Hard coal that burns with little flame,anthracite
Barbara Undershaft,Major Barbara
"In this Coen Brothers movie, Charles Durning jumps out a window during a board meeting",The Hudsucker Proxy
3.2 million: 150 miles from Bogota,Medellin
"Elected to the Senate in 1930, he refused to resign as Louisiana's gov. until '32, when his handpicked crony got the gig",Huey Long
"The name of this branch of pediatrics that deals with newborn infants literally means ""newborn study""",neonatal
This important mechanism is what you're turning when you wind a clock,the mainspring
"In use from 1844 to 1905, a flag representing the union of these 2 countries was nicknamed the ""herring salad""",Norway and Sweden
"While he was in Spain in 1959, he wrote ""The Dangerous Summer"", a story about rival bullfighters",Hemingway
"Like a door, a Broadway show does these 2 things",open & close
A valley at 282 feet below sea level in this state is the lowest point in the Western Hemisphere,California
"Like banks, many grocery stores now have these for dispensing cash & taking deposits",ATMs
"He was the voice of Mickey Mouse in ""Steamboat Willie""",Walt Disney
Eastern European capital city of more than 2.2 million,Bucharest
"In 1884 she moved to Red Cloud, Nebraska & later fictionalized it as the town of Hanover in ""O Pioneers!""",Willa Cather
In 2006 it began on July 1 in Strasbourg & ended on July 23 in Paris,the Tour de France
"With 6,640 miles of coast, this state has the longest shoreline",Alaska
"(<a href=""http://www.j-archive.com/media/2007-05-30_J_09.jpg"" target=""_blank"">Cheryl of the Clue Crew reports from the Catalina Island Conservancy.</a>) Rampant use of this 3-letter insecticide lead to a hefty settlement for restorating the population of Catalina's <a href=""http://www.j-archive.com/media/2007-05-30_J_09a.jpg"" target=""_blank"">bald eagles</a>",DDT
"(<a href=""http://www.j-archive.com/media/2007-05-30_J_27.jpg"" target=""_blank"">Hi, I'm Harry Shearer.</a>) Among my many ""Simpsons"" voices are the subservient Smithers & this man who lives next door to Homer--Howdy, neighbor",Ned Flanders
Any mountain's summit,crest
"(<a href=""http://www.j-archive.com/media/2007-05-30_J_16.jpg"" target=""_blank"">Alex reports from the Mark Twain House.</a>) Mark Twain said that this anti-slavery <a href=""http://www.j-archive.com/media/2007-05-30_J_16a.jpg"" target=""_blank"">novelist</a>, his next-door neighbor, liked to sneak up behind people and ""fetch a war-whoop that would jump that person out of his clothes""",(Harriet Beecher) Stowe
"""From"" this to this is an idiom meaning from the start of a meal (or something else) to the end",from soup to nuts
"It pumps more than one million barrels of oil a day, more than any other state",Texas
"""Day to Day"" & ""All Things Considered"" are among the programs going out to its 26 million listeners",NPR
The voice of Daffy Duck (for the first 50 years),Mel Blanc
A braced framework for carrying a railroad over a chasm,a trestle
"Under the name Laura Bancroft, he wrote about Twinkle & Chubbins in Nature Fairyland after taking us to Oz",L. Frank Baum
"These titles of the <a href=""http://www.j-archive.com/media/2007-05-30_J_17.jpg"" target=""_blank"">2 paintings</a> <a href=""http://www.j-archive.com/media/2007-05-30_J_17a.jpg"" target=""_blank"">seen here</a> represent the beginning & end of Jesus' life","""The Nativity"" & ""The Crucifixion"""
"Considered the healthiest state in 2006, it's also home to the Mayo Clinic",Minnesota
"Its headquarters compound in Langley, Virginia is named for Former President George Bush",the CIA
"He voiced Puss In Boots in ""Shrek 2""",Antonio Banderas
Quickly! (to an Italian),Presto